{"cameraMode":{"drawMode":0,"name":"Shaded","section":"Shading Mode"},"sceneLighting":false,"audioPlay":false,"sceneViewState":{"m_AlwaysRefresh":false,"showFog":true,"showSkybox":false,"showFlares":true,"showImageEffects":true,"showParticleSystems":true,"showVisualEffectGraphs":true,"m_FxEnabled":true},"in2DMode":false,"pivot":{"x":2.8017852306365969,"y":-0.6794228553771973,"z":-0.22136783599853517},"rotation":{"x":0.0002428973966743797,"y":0.9908559322357178,"z":-0.13489693403244019,"w":0.00178494059946388},"size":2.8145828247070314,"orthographic":false}